{
  "protocol_mA_h": [
    300.0,
    150.0,
    0.25,
    0.25,
    200.0,
    1.0
  ],
  "data": {
    "nominal": {
      "end_soh": [
        0.9999999999999997,
        0.9952997847548748,
        0.9915479905095077,
        0.9883198787101628,
        0.9854398050723638,
        0.9828120252217372,
        0.9803781246686002,
        0.9780993457620238
      ],
      "capacity_ah": [
        3.5879446143801608,
        3.5879446143801608,
        3.5879446143801608,
        3.5879446143801608,
        3.5879446143801608,
        3.5879446143801608,
        3.5879446143801608,
        3.5879446143801608
      ],
      "cumulative_sei_loss_ah": [
        0.04680266145988452,
        0.07030373768550907,
        0.08906270891234472,
        0.1052032679090693,
        0.1196036360980642,
        0.13274253535119745,
        0.14491203811688208,
        0.15630593264976383
      ],
      "cumulative_plating_ah": [
        0.0,
        0.0,
        0.0,
        0.0,
        0.0,
        0.0,
        0.0,
        0.0
      ],
      "cumulative_crack_sei_ah": [
        0.0,
        0.0,
        0.0,
        0.0,
        0.0,
        0.0,
        0.0,
        0.0
      ],
      "cumulative_lli_total_ah": [
        0.04680266145988452,
        0.07030373768550907,
        0.08906270891234472,
        0.1052032679090693,
        0.1196036360980642,
        0.13274253535119745,
        0.14491203811688208,
        0.15630593264976383
      ],
      "sei_thickness_nm": [
        29.910298741005192,
        42.41853676112753,
        52.4028317297998,
        60.99350016432562,
        68.65796757662855,
        75.65102940932047,
        82.12813861565321,
        88.1924372641577
      ],
      "dead_li_nm": [
        0.0,
        0.0,
        0.0,
        0.0,
        0.0,
        0.0,
        0.0,
        0.0
      ],
      "lam_pct": [
        2.842170943040401e-14,
        2.842170943040401e-14,
        2.842170943040401e-14,
        2.842170943040401e-14,
        2.842170943040401e-14,
        2.842170943040401e-14,
        2.842170943040401e-14,
        2.842170943040401e-14
      ],
      "eol_cycle": null
    },
    "accelerated": {
      "end_soh": [
        0.9999999999999997,
        0.9952869494191962,
        0.9915307405734348,
        0.9883036510262587,
        0.9854253705830465,
        0.9827996462018455,
        0.9803678554416123,
        0.9780911280713307
      ],
      "capacity_ah": [
        3.58824833201196,
        3.58824833201196,
        3.58824833201196,
        3.58824833201196,
        3.58824833201196,
        3.58824833201196,
        3.58824833201196,
        3.58824833201196
      ],
      "cumulative_sei_loss_ah": [
        0.04666225557962286,
        0.07011191525233593,
        0.08882932388967806,
        0.10491754386881495,
        0.11927013398696569,
        0.13236516280659213,
        0.1444941354042139,
        0.15585046205131453
      ],
      "cumulative_plating_ah": [
        0.002034095669060398,
        0.0021496889003648927,
        0.002213324491829767,
        0.0022605522485735045,
        0.0022993643464837192,
        0.002332957432862232,
        0.002362938636406345,
        0.0023902488407136556
      ],
      "cumulative_crack_sei_ah": [
        0.0,
        0.0,
        0.0,
        0.0,
        0.0,
        0.0,
        0.0,
        0.0
      ],
      "cumulative_lli_total_ah": [
        0.04869635124868326,
        0.07226160415270082,
        0.09104264838150783,
        0.10717809611738846,
        0.1215694983334494,
        0.13469812023945438,
        0.14685707404062026,
        0.15824071089202818
      ],
      "sei_thickness_nm": [
        29.835568964680196,
        42.31644098352596,
        52.27861463498167,
        60.84142609464213,
        68.48046405526705,
        75.4501762413691,
        81.90571362757508,
        87.95001710425203
      ],
      "dead_li_nm": [
        0.008981851047827736,
        0.014086131040708773,
        0.018011120525237834,
        0.021307320105433524,
        0.02419902703262903,
        0.02680428823187345,
        0.029191812207851817,
        0.03140729293807499
      ],
      "lam_pct": [
        2.842170943040401e-14,
        2.842170943040401e-14,
        2.842170943040401e-14,
        2.842170943040401e-14,
        2.842170943040401e-14,
        2.842170943040401e-14,
        2.842170943040401e-14,
        2.842170943040401e-14
      ],
      "eol_cycle": null
    },
    "severe": {
      "end_soh": [
        0.9999999999999997,
        0.9950720516738585,
        0.9911505322433054,
        0.9877928637686577,
        0.9848020586247873,
        0.9820749718827476,
        0.9795423420034606,
        0.977174913171257
      ],
      "capacity_ah": [
        3.58819726805636,
        3.58819726805636,
        3.58819726805636,
        3.58819726805636,
        3.58819726805636,
        3.58819726805636,
        3.58819726805636,
        3.58819726805636
      ],
      "cumulative_sei_loss_ah": [
        0.046660108509090165,
        0.07016038716682002,
        0.08892295541539134,
        0.10500915617787021,
        0.11935041783290277,
        0.1324358136696335,
        0.14459585981693598,
        0.1559669645156755
      ],
      "cumulative_plating_ah": [
        0.0038562605932545803,
        0.004995723566231168,
        0.005840752470424799,
        0.00654289408118435,
        0.007155658145503806,
        0.007705696018971943,
        0.008208799268104212,
        0.008674838730382661
      ],
      "cumulative_crack_sei_ah": [
        0.0,
        0.0,
        0.0,
        0.0,
        0.0,
        0.0,
        0.0,
        0.0
      ],
      "cumulative_lli_total_ah": [
        0.05051636910234474,
        0.07515611073305119,
        0.09476370788581615,
        0.11155205025905456,
        0.12650607597840657,
        0.14014150968860545,
        0.1528046590850402,
        0.16464180324605815
      ],
      "sei_thickness_nm": [
        29.83442620555669,
        42.34223972728719,
        52.32844917866662,
        60.89018592828698,
        68.52319441554972,
        75.48777953250203,
        81.95985553812285,
        88.01202450085663
      ],
      "dead_li_nm": [
        0.2738787982343853,
        0.4264030675796078,
        0.5430659655444635,
        0.6409215537701799,
        0.7267106115075914,
        0.8039151057070565,
        0.8746390615193275,
        0.9402410998214961
      ],
      "lam_pct": [
        2.842170943040401e-14,
        2.842170943040401e-14,
        2.842170943040401e-14,
        2.842170943040401e-14,
        2.842170943040401e-14,
        2.842170943040401e-14,
        2.842170943040401e-14,
        2.842170943040401e-14
      ],
      "eol_cycle": null
    }
  }
}
